name,email,year,month,day
vinay chandraker,vinaychandraker@gmail.com,1992,03,11
kartik badal,Karikbadal@gmail.com,1992,04,28
shweta nayak,shwetanayak@gmail.com,1992,05,15
pranjal hariharno,pranjalhariharno@gmail.com,1991,05,07
aarunya kawdo,aarunyakawdo@gmail.com,2019,02,16
siddharth kumar,siddharthkay@gmail.com,1992,09,27
saurabh tidgam,saurabhtidgam1991@gmail.com,2023,10,22
